pollster,date,n,Lula,Bolsonaro,Ciro,Alckmin,Marina,BNI
Datafolha,2018-01-30,2826,34,15,6,6,7,18
MDA,2018-03-03,2002,33.4,16.8,4.3,6.4,7.8,31.1
MDA,2018-05-12,2002,32.4,16.7,5.4,4.0,7.6,29.7
Ipespe,2018-05-23,2000,29,24,6,9,9,24
Paraná Pesquisas,2018-05-02,2002,27.6,19.5,5.5,6.9,7.7,22
Datafolha,2018-06-07,2824,30,17,6,6,10,26
Ipespe,2018-06-27,1000,29,19,6,7,9,24
IBOPE,2018-06-24,2000,33,15,4,4,7,35
Vox Populi,2018-07-20,2000,41,12,5,4,4,30
Paraná Pesquisas,2018-07-27,2240,29.0,21.8,6.0,6.2,9.2,27.8
Ideia Big Data,2018-07-23,2036,29,17,7,7,10,30
Ipespe,2018-07-25,1000,30,22,8,9,10,21
DataPoder360,2018-08-27,5500,30,21,7,7,6,25
FSB Pesquisa,2018-08-26,2000,35,22,5,6,9,17
Ipespe,2018-08-15,1000,31,20,7,9,8,25
Paraná Pesquisas,2018-08-13,2002,30.8,22.0,5.9,6.6,8.1,26.6
CNT/MDA,2018-08-18,2002,37.7,18.8,4.1,4.9,5.6,28.9
Ibope,2018-08-19,2002,37,18,5,5,6,29
Datafolha,2018-08-21,8433,39,19,5,6,8,23
XP/Ipespe,2018-08-22,1000,32,20,7,7,9,27
XP/Ipespe,2018-08-29,1000,33,21,8,,7,31
