pollster,date,n,Bolsonaro,Lula,Haddad,Ciro,Alckmin,Marina,BNI
Instituto Veritá,2018-10-05,5208,41.5,,18.8,8.4,4.2,1.4,21.0
CNT/MDA,2018-10-05,2002,36.7,,24.0,9.9,5.8,2.2,13.8
DataPoder360,2018-10-04,4000,30,,25,15,7,2,14
Datafolha,2018-10-06,19552,36,,22,13,7,3,12
XP/Ipespe,2018-10-04,2000,36,,22,11,7,4,13
Datafolha,2018-10-04,10930,35,,22,11,8,4,13
RealTime Big Data,2018-10-04,10000,34,,24,12,6,4,16
Paraná Pesquisas/Crusoé,2018-10-04,2080,34.9,,21.8,9.4,7.4,3.5,16.8
Ibope,2018-10-02,3010,36,,22,11,7,3,16
Ibope,2018-10-01,3010,32,,23,10,7,4,19
Datafolha,2018-09-30,3240,32,,21,11,9,4,15
Ibope,2018-09-30,3010,31,,21,11,8,4,18
FSB Pesquisa,2018-09-30,2000,31,,24,9,11,4,13
CNT/MDA,2018-09-28,2000,28.2,,25.2,9.4,7.3,2.6,21.6
Datafolha,2018-09-28,9000,28,,22,11,10,5,18
XP/Ipespe,2018-09-26,2000,28,,21,11,8,5,20
Paraná Pesquisas/Crusoé,2018-09-25,2020,31.2,,20.2,10.1,7.6,4.3,19.6
Ibope,2018-09-24,2000,27,,21,12,8,6,19
IstoÉ/Sensus,2018-09-24,2000,30.6,,24.5,7.7,5.6,2.7,23.7
FSB Pesquisa,2018-09-23,2000,33,,23,10,8,5,14
Ibope,2018-09-23,2506,28,,22,11,8,5,19
DataPoder360,2018-09-20,4000,26,,22,14,6,4,20
Datafolha,2018-09-19,8601,28,,16,13,9,7,19
Genial Investimentos/Brasilis,2018-09-19,1000,30,,17,7,7,6,22
XP/Ipespe,2018-09-19,2000,28,,16,11,7,6,24
Ibope,2018-09-18,2506,28,,19,11,7,6,22
FSB Pesquisa,2018-09-16,2000,33,,16,14,6,5,18
CNT/MDA,2018-09-15,2002,28.2,,17.6,10.8,6.1,4.1,26.8
Datafolha,2018-09-14,2820,26,,13,13,9,8,22
XP/Ipespe,2018-09-12,2000,26,,10,12,9,8,25
Paraná Pesquisas/Crusoé,2018-09-11,2010,26.6,,8.3,11.9,8.7,10.6,23.5
Datafolha,2018-09-10,2804,24,,9,13,10,11,25
Ibope,2018-09-10,2002,26,,8,11,9,9,28
FSB Pesquisa,2018-09-09,2000,30,,8,12,8,8,26
RealTime Big Data,2018-09-09,3200,25,,7,11,9,11,28
XP/Ipespe,2018-09-05,2000,23,,8,11,9,11,29
Ibope,2018-09-03,2002,22,,6,12,9,12,31
FSB Pesquisa,2018-09-02,2000,26,,6,12,8,11,30
XP/Ipespe,2018-08-29,1000,23,,6,10,9,13,30
DataPoder360,2018-08-27,5500,21,,30,7,7,6,25
FSB Pesquisa,2018-08-26,2000,24,,5,8,9,15,32
XP/Ipespe,2018-08-22,1000,23,,6,8,8,12,33
Datafolha,2018-08-21,8433,22,,4,10,9,16,32
Ibope,2018-08-19,2002,20,,4,9,7,12,40
CNT/MDA,2018-08-18,2002,18.8,,37.7,4.1,4.9,5.6,25.3
Ipespe,2018-08-15,1000,23,,7,8,9,11,35
Paraná Pesquisas,2018-08-13,2002,23.9,,3.8,10.2,8.5,13.2,34.8
Ipespe,2018-08-08,1000,23,,3,8,10,12,37
Ipespe,2018-08-01,1000,22,,2,10,10,11,37
Paraná Pesquisas,2018-07-30,2240,23.6,,2.8,10.7,7.8,14.4,34.7
DataPoder360,2018-07-28,3000,20,,5,13,9,6,47
Ipespe,2018-07-25,1000,23,,2,10,10,13,32
Ideia Big Data,2018-07-23,2036,19,,3,8,7,13,42
Vox Populi,2018-07-20,2000,12,,41,5,4,4,33
Ipespe,2018-07-18,1000,23,,2,10,8,12,36
Ipespe,2018-07-11,1000,24,,2,9,8,14,35
Ipespe,2018-07-04,1000,23,,2,10,8,13,37
DataPoder360,2018-06-29,5500,18,,5,12,7,7,47
Ipespe,2018-06-27,1000,22,,2,11,8,12,37
IBOPE,2018-06-24,2000,17,,2,8,6,13,51
Ipespe,2018-06-20,1000,21,,3,10,8,14,37
Ipespe,2018-06-13,1000,22,,2,10,8,13,37
Datafolha,2018-06-07,2824,19,,1,10,7,15,43
Ipespe,2018-06-06,1000,22,,3,11,8,13,35
DataPoder360,2018-05-31,10500,21,,6,11,6,7,44
Vox Populi,2018-05-23,2000,12,,39,4,3,6,32
Ipespe,2018-05-23,2000,24,,3,10,9,14,35
MDA,2018-05-12,2002,18.3,,2.3,9.0,5.3,11.2,51.5
Paraná Pesquisas,2018-05-02,2002,20.5,,2.7,9.7,8.1,12.0,28.2
DataPoder360,2018-04-19,2000,20.0,,3.9,9.0,8.0,10.0,30.2
Vox Populi,2018-04-15,2000,11,,47,2,3,7,18
Datafolha,2018-04-13,4260,17,,2,9,7,15,33
MDA,2018-03-03,2002,20.2,,2.3,8.1,8.6,12.8,43.2
PESQUISA365,2018-02-07,2000,15.9,,2.5,9.6,4.4,9.7,49.8
Datafolha,2018-01-30,2826,15,,34,6,6,7,18
