pollster,date,n,Lula,Flávio,BNI
Nexus,2026-08-30,2005,46,45,9
AtlasIntel,2026-08-30,5014,47.1,42.6,10.3
Vox Brasil,2026-08-27,2100,44.5,45.1,10.4
PoderData,2026-08-26,2400,45,44,11
Nexus,2026-08-23,2006,46,45,9
Indexa,2026-08-23,2000,46,41,13
Datafolha,2026-08-20,2058,47,43,11
Nexus,2026-08-16,2003,47,44,9
Quaest,2026-08-13,2004,43,40,17
PoderData,2026-08-12,2400,46,45,9
Nexus,2026-08-09,2001,47,44,9
MDA,2026-08-09,2002,48,39.1,12.9
Futura,2026-08-07,2000,46.5,44,9.5
Palver,2026-08-07,5000,46,46,8
Quaest,2026-08-03,2004,44,39,17
Ideia,2026-08-03,1500,48.5,43,8.5
Nexus,2026-08-02,2002,46,45,10
PoderData,2026-07-29,2400,46,43,11
Vox Brasil,2026-07-28,2100,47.5,41.1,11.4
AtlasIntel,2026-07-27,5021,49.2,42.9,7.9
Nexus,2026-07-26,2004,47,43,10
Datafolha,2026-07-23,2004,48,43,10
Real Time Big Data,2026-07-20,2000,45,42,13
Indexa,2026-07-19,2000,46,39,15
PoderData,2026-07-15,2400,45,43,11
Quaest,2026-07-13,2004,45,37,18
Nexus,2026-07-12,2003,47,44,9
Futura,2026-07-11,2000,46.3,46.1,7.6
Ideia,2026-07-06,1500,45,40,15
AtlasIntel,2026-06-30,4999,48.8,42.3,8.9
Nexus,2026-06-28,2009,47,44,9
Vox Brasil,2026-06-25,2100,45.3,42.8,11.9
PoderData,2026-06-24,2400,46,43,11
Indexa,2026-06-20,2000,47,40,13
Datafolha,2026-06-18,2004,47,43,9
Nexus,2026-06-14,2017,49,43,9
MDA,2026-06-14,2000,49.3,36.8,13.9
Futura,2026-06-12,2000,48.1,42.9,9
Quaest,2026-06-08,2004,44,38,18
Vox Brasil,2026-06-03,2100,47.8,41.3,10.9
Real Time Big Data,2026-05-30,2000,45,40,15
PoderData,2026-05-28,2400,46,42,12
Ideia,2026-05-27,1500,46.5,41.4,12.2
Indexa,2026-05-24,2000,46,41,10
Nexus,2026-05-24,2045,47,43,10
Datafolha,2026-05-22,2004,47,43,11
Futura,2026-05-20,2000,47.7,42.2,10.2
Vox Brasil,2026-05-19,2100,46.8,38.1,15.1
AtlasIntel,2026-05-18,5032,48.9,41.8,9.3
Datafolha,2026-05-13,2004,45,45,10
Vox Brasil,2026-05-12,2100,40.2,43.8,16
Quaest,2026-05-11,2004,42,41,17
Futura,2026-05-08,2000,44.4,46.9,8.6
Ideia,2026-05-05,1500,44.7,45.3,10
Real Time Big Data,2026-05-04,2000,43,44,13
AtlasIntel,2026-04-27,5008,47.5,47.8,4.7
Nexus,2026-04-26,2028,46,45,9
Quaest,2026-04-13,2004,40,42,18
MDA,2026-04-12,2002,44.9,40.2,14.9
Futura,2026-04-11,2000,42.6,48,9.4
Datafolha,2026-04-09,2004,45,46,9
Ideia,2026-04-07,1500,45.5,45.8,8.7
Nexus,2026-03-29,2000,46,46,7
Paraná Pesquisas,2026-03-28,2080,44.1,45.2,10.7
Gerp,2026-03-25,2000,45,48,8
AtlasIntel,2026-03-23,5028,46.6,47.6,5.8
Ideia,2026-03-10,1500,47.4,45.3,7.3
Quaest,2026-03-09,2004,41,41,18
Futura,2026-03-06,2000,40.5,48.8,10.7
Datafolha,2026-03-05,2004,46,43,11
Real Time Big Data,2026-03-02,2000,42,41,17
Paraná Pesquisas,2026-02-25,2080,43.8,44.4,11.9
AtlasIntel,2026-02-24,4986,46.2,46.3,7.5
Quaest,2026-02-09,2004,43,38,19
Futura,2026-02-07,2000,42.4,48.2,9.4
Gerp,2026-02-02,2000,45,45,10
Ideia,2026-02-02,1500,45.8,41.1,13.1
Paraná Pesquisas,2026-01-28,2080,44.8,42.2,13
AtlasIntel,2026-01-20,5418,49,45,6
Futura,2026-01-19,2000,41.9,48.1,10
Ideia,2026-01-12,2000,46.2,36,17.8
Quaest,2026-01-11,2004,45,38,17
Real Time Big Data,2026-08-31,2000,44,44,12
Futura,2026-09-01,2000,45.6,45.2,9.2
Quaest,2026-09-01,2004,42,41,17
PoderData,2026-09-02,3000,44,45,11
Datafolha,2026-09-03,2002,46,44,11
Quaest,2026-09-06,2004,41,41,18
Nexus,2026-09-07,2002,46,46,8
Ideia,2026-09-07,1500,46,46,8
AtlasIntel,2026-09-09,5000,46.2,46.4,7.4
Datafolha,2026-09-10,2002,46,44,9
Indexa,2026-09-13,2000,43,42,15
Quaest,2026-09-13,2004,40,42,18
PoderData,2026-09-16,3000,44,46,10
Gerp,2026-09-16,2400,43,50,7
Datafolha,2026-09-17,2002,46,44,9
Quaest,2026-09-20,2004,41,42,17
Nexus,2026-09-20,2006,46,45,8
Palver,2026-09-20,5000,43,47,10
AtlasIntel,2026-09-22,5015,47.7,47.4,4.9
Datafolha,2026-09-23,2002,47,45,8
Real Time Big Data,2026-09-23,2000,44,45,11
Quaest,2026-09-27,2004,42,42,16
Nexus,2026-09-27,2000,46,44,9
Palver,2026-09-23,5000,45,48,7
Gerp,2026-09-28,2400,43,50,6
AtlasIntel,2026-09-28,5005,47.6,47.7,4.8
Ideia,2026-09-28,2000,48.5,48,3.6
Indexa,2026-09-29,2000,43,42,15
Datafolha,2026-10-01,2506,48,45,7
