pollster,date,sample_size,Bolsonaro,Lula,Haddad,Ciro,Alckmin,Marina,undecided
Datafolha,2018-01-30,2826,15,34,,6,6,7,18
Pesquisa365,2018-02-07,2000,15.9,,2.5,9.6,4.4,9.7,49.8
MDA,2018-03-03,2002,16.8,33.4,,4.3,6.4,7.8,31.1
Datafolha,2018-04-13,4260,17,,2,9,7,15,33
Vox Populi,2018-04-15,2000,11,47,,2,3,7,18
PoderData,2018-04-19,2000,20,,3.9,9,8,10,30.2
Paraná Pesquisas,2018-05-02,2002,19.5,27.6,,5.5,6.9,7.7,22
MDA,2018-05-12,2002,16.7,32.4,,5.4,4,7.6,29.7
Vox Populi,2018-05-23,2000,12,39,,4,3,6,32
Ipespe,2018-05-23,2000,24,29,,6,9,9,24
PoderData,2018-05-31,10500,21,,6,11,6,7,44
Ipespe,2018-06-06,1000,22,,3,11,8,13,35
Datafolha,2018-06-07,2824,17,30,,6,6,10,26
Ipespe,2018-06-13,1000,22,,2,10,8,13,37
Ipespe,2018-06-20,1000,21,,3,10,8,14,37
Ibope,2018-06-24,2000,15,33,,4,4,7,35
Ipespe,2018-06-27,1000,19,29,,6,7,9,24
PoderData,2018-06-29,5500,18,,5,12,7,7,47
Ipespe,2018-07-04,1000,23,,2,10,8,13,37
Ipespe,2018-07-11,1000,24,,2,9,8,14,35
Ipespe,2018-07-18,1000,23,,2,10,8,12,36
Vox Populi,2018-07-20,2000,12,41,,5,4,4,30
Ideia,2018-07-23,2036,17,29,,7,7,10,30
Ipespe,2018-07-25,1000,22,30,,8,9,10,21
Paraná Pesquisas,2018-07-27,2240,21.8,29,,6,6.2,9.2,27.8
PoderData,2018-07-28,3000,20,,5,13,9,6,47
Paraná Pesquisas,2018-07-30,2240,23.6,,2.8,10.7,7.8,14.4,34.7
Ipespe,2018-08-01,1000,22,,2,10,10,11,37
Ipespe,2018-08-08,1000,23,,3,8,10,12,37
Paraná Pesquisas,2018-08-13,2002,22,30.8,,5.9,6.6,8.1,26.6
Ipespe,2018-08-15,1000,20,31,,7,9,8,25
MDA,2018-08-18,2002,18.8,37.7,,4.1,4.9,5.6,28.9
Ibope,2018-08-19,2002,18,37,,5,5,6,29
Datafolha,2018-08-21,8433,19,39,,5,6,8,23
FSB,2018-08-26,2000,22,35,,5,6,9,17
PoderData,2018-08-27,5500,21,30,,7,7,6,25
Ipespe,2018-08-29,1000,21,33,,8,,7,31
FSB,2018-09-02,2000,26,,6,12,8,11,30
Ibope,2018-09-03,2002,22,,6,12,9,12,31
Ipespe,2018-09-05,2000,23,,8,11,9,11,29
FSB,2018-09-09,2000,30,,8,12,8,8,26
Real Time Big Data,2018-09-09,3200,25,,7,11,9,11,28
Ibope,2018-09-10,2002,26,,8,11,9,9,28
Datafolha,2018-09-10,2804,24,,9,13,10,11,25
Paraná Pesquisas,2018-09-11,2010,26.6,,8.3,11.9,8.7,10.6,23.5
Ipespe,2018-09-12,2000,26,,10,12,9,8,25
Datafolha,2018-09-14,2820,26,,13,13,9,8,22
MDA,2018-09-15,2002,28.2,,17.6,10.8,6.1,4.1,26.8
FSB,2018-09-16,2000,33,,16,14,6,5,18
Ibope,2018-09-18,2506,28,,19,11,7,6,22
Brasilis,2018-09-19,1000,30,,17,7,7,6,22
Ipespe,2018-09-19,2000,28,,16,11,7,6,24
Datafolha,2018-09-19,8601,28,,16,13,9,7,19
PoderData,2018-09-20,4000,26,,22,14,6,4,20
Ibope,2018-09-23,2506,28,,22,11,8,5,19
FSB,2018-09-23,2000,33,,23,10,8,5,14
Ibope,2018-09-24,2000,27,,21,12,8,6,19
Sensus,2018-09-24,2000,30.6,,24.5,7.7,5.6,2.7,23.7
Paraná Pesquisas,2018-09-25,2020,31.2,,20.2,10.1,7.6,4.3,19.6
Ipespe,2018-09-26,2000,28,,21,11,8,5,20
MDA,2018-09-28,2000,28.2,,25.2,9.4,7.3,2.6,21.6
Datafolha,2018-09-28,9000,28,,22,11,10,5,18
FSB,2018-09-30,2000,31,,24,9,11,4,13
Ibope,2018-09-30,3010,31,,21,11,8,4,18
Datafolha,2018-09-30,3240,32,,21,11,9,4,15
Ibope,2018-10-01,3010,32,,23,10,7,4,19
Ibope,2018-10-02,3010,36,,22,11,7,3,16
Paraná Pesquisas,2018-10-04,2080,34.9,,21.8,9.4,7.4,3.5,16.8
Real Time Big Data,2018-10-04,10000,34,,24,12,6,4,16
Datafolha,2018-10-04,10930,35,,22,11,8,4,13
Ipespe,2018-10-04,2000,36,,22,11,7,4,13
PoderData,2018-10-04,4000,30,,25,15,7,2,14
MDA,2018-10-05,2002,36.7,,24,9.9,5.8,2.2,13.8
Veritá,2018-10-05,5208,41.5,,18.8,8.4,4.2,1.4,21
Datafolha,2018-10-06,19552,36,,22,13,7,3,12
